device_id,date,duration_hours
79A3CA56-D1D0-4A8B-A671-DC38CA6778CC,2025-10-01,-4.31
FFB268F4-4962-40F3-B01A-AD98A08F9723,2025-10-01,-10.416944444444445
FFB268F4-4962-40F3-B01A-AD98A08F9723,2025-10-05,12.158888888888889
FFB268F4-4962-40F3-B01A-AD98A08F9723,2025-10-07,9.393611111111111
26a066f2-52d8-45f8-8ace-5a97c7921b9a,2025-10-04,-14.402777777777779
1cf84a03-d16e-4f2a-8f03-4a4f75895ba6,2025-10-06,2.3994444444444443
0fa46637-ead3-4896-84dd-b20c46ab1601,2025-10-01,0.26555555555555554
E9EEF812-B121-41A4-A4BD-8B6C4C050C7C,2025-10-06,13.898888888888889
57FFB277-D701-42DF-9ED0-C172EE07B930,2025-10-01,-10.223055555555556
E017CA14-F069-4F34-AB9E-12879F927EAC,2025-10-07,-2.8080555555555557
b3edb5e5-d8ec-4990-8c71-9e964cf05878,2025-10-07,-6.398333333333333
d7d82e55-b367-4c76-a462-3211afebcff1,2025-10-03,19.982777777777777
d7d82e55-b367-4c76-a462-3211afebcff1,2025-10-04,21.83
8dae801a-a278-44d6-8a02-a1f89bf15f1f,2025-10-06,11.476111111111111
4255efaf-bbf5-4146-a1c0-18717087026c,2025-10-03,-3.255
5ec764da-a331-4e35-82ba-1bd8017f048f,2025-10-04,-8.965
5ec764da-a331-4e35-82ba-1bd8017f048f,2025-10-05,17.218888888888888
C34D07D7-6693-4969-B443-D624A428EA35,2025-10-06,-3.2983333333333333
754F9373-7FE9-4D52-9AA4-2B3DD328D0F0,2025-10-06,-4.004444444444444
0212a538-d55f-4256-a1c7-f10f127bdcbd,2025-10-02,16.720277777777778
0212a538-d55f-4256-a1c7-f10f127bdcbd,2025-10-03,16.365277777777777
4f8d8230-630a-4827-a50e-db505cf5c7cd,2025-10-06,14.538055555555555
d2dfc3b1-48a0-4dde-a974-75a1da040c78,2025-10-04,2.082777777777778
05c58c04-55cc-49b3-9886-f8356bccb043,2025-10-05,-1.5880555555555556
d7d82e55-b367-4c76-a462-3221afebcff1,2025-10-03,14.546666666666667
53c7b49e-4ef1-4fff-8838-c1dace61d695,2025-10-04,17.545277777777777
fc4cd1d1-9649-4389-9e46-89488b9374aa,2025-10-05,6.098611111111111
fc4cd1d1-9649-4389-9e46-89488b9374aa,2025-10-07,-14.796944444444444
e18e6329-705c-4874-a550-233a7fc00d2d,2025-10-02,-4.2875
c42e6169-1845-4bb8-9165-2259597a293b,2025-10-04,-1.4377777777777778
24761362-010b-45f0-aa82-83aa0c1f1eee,2025-10-04,-2.0530555555555554
21d86015-0ce1-453d-a6cb-c17603c12f8a,2025-10-02,9.563611111111111
bbf91a78-c1a2-4cd5-b26f-4d19cb510ce9,2025-10-07,6.756666666666667
7fd4bec7-d002-48bc-a223-2d198020ba71,2025-10-02,22.216666666666665
ee15c161-1f1a-4524-a3de-007f0520ebbc,2025-10-07,23.86638888888889
1ae3cad0-5011-4b4c-ab77-12e4acd44e48,2025-10-01,-10.2125
0a380c14-5d9d-4768-93f9-b936b8a6cdf1,2025-10-01,16.719722222222224
f754e113-03e0-40c3-ac47-c7bf0f465aa0,2025-10-01,12.206111111111111
22d86025-0ce1-453d-a6cb-c17603c22f8a,2025-10-02,6.494166666666667
8603D581-4FA2-4936-B1E6-149A16FD21AB,2025-10-07,-4.544722222222222
47DD7EAA-AB45-4D1D-BDA2-2EE433B4D2B0,2025-10-06,3.7380555555555555
cf114665-713d-4410-a6a1-c315a38b4756,2025-10-06,21.52611111111111
039ECEAA-DDE2-423B-A48F-0D8EB3EF461A,2025-10-05,1.5672222222222223
f7e52e15-dc2e-45ad-a377-0ee47cf1301d,2025-10-02,-8.690277777777778
f7e52e15-dc2e-45ad-a377-0ee47cf1301d,2025-10-03,-5.5375
f7e52e15-dc2e-45ad-a377-0ee47cf1301d,2025-10-04,8.5625
0FA46637-EAD3-4896-84DD-B20C46AB1601,2025-10-01,0.2625
a09930fa-d67f-4fa2-aeb6-8db0ae489e31,2025-10-04,18.953055555555554
433F30A6-5303-4024-9770-5C5564EFB9EA,2025-10-04,6.99
f1c2d23e-9db4-4e35-a6e3-6cda58f99b29,2025-10-04,3.1225
8bf1c150-8b73-4637-810f-d7c38f0c2d0d,2025-10-04,-2.765
a0c182a0-a5af-4c6d-a76b-22a2a63c4c08,2025-10-02,13.630833333333333
5a45f18f-dd85-4c38-bebc-ec7c8bf53f27,2025-10-06,-10.71111111111111
a0c282a0-a5af-4c6d-a76b-22a2a63c4c08,2025-10-02,11.828611111111112
3BF3A687-64BF-42F0-8495-D0295111CA28,2025-10-04,-11.5375
7cc23e71-40f2-4a78-a648-5e457dc22c18,2025-10-06,18.31888888888889
14B79ED7-CEA9-4E1E-B70B-7D6401BD06D9,2025-10-05,1.1130555555555555
a2f9b160-fd2a-408c-bb5f-ca1b746ad6e4,2025-10-01,-2.0341666666666667
7cc13e71-40f1-4a78-a648-5e457dc12c18,2025-10-06,16.49416666666667
7766eb73-e774-4d38-ada0-09362a9ac33f,2025-10-04,-3.2725
831c55fe-9d33-4762-b960-bd4d1d0a0ce7,2025-10-04,23.50722222222222
831c55fe-9d33-4762-b960-bd4d1d0a0ce7,2025-10-06,-3.9161111111111113
f6051751-3f8d-4ab4-a3a1-8cbd5d075084,2025-10-07,21.2775
4c1ad8a7-e18b-4491-b90b-dad83c307f8b,2025-10-02,-5.178333333333334
6e4ab52b-1283-4b34-a93f-9188a53ea483,2025-10-01,10.706388888888888
24f0b89c-7c3f-4c5c-900f-d15528b8cc48,2025-10-01,2.9191666666666665
87ccaa86-11ed-41ce-aa3d-8756f2134273,2025-10-06,20.490833333333335
87ccaa86-11ed-41ce-aa3d-8756f2134273,2025-10-07,13.368055555555555
7ac6135a-50d7-4e9a-bbea-06f3fdb13aee,2025-10-01,1.576111111111111
3C7A4516-5CC8-41A0-93CA-687DC763BF8C,2025-10-01,3.8969444444444443
114AF2CE-F73D-49D7-B804-9869C6B7228D,2025-10-03,4.268611111111111
ccdf4fea-8b39-437e-8213-271ca808c56e,2025-10-03,0.5869444444444445
233c819a-8d7a-4cde-91e5-80731c193cf5,2025-10-06,9.211388888888889
b20466df-2722-4e6d-a7bc-d5be2f052460,2025-10-03,14.07638888888889
C169E216-5CD9-4097-B680-667C51674735,2025-10-06,0.12333333333333334
85a32593-1806-42a8-8406-423438542bf3,2025-10-02,-4.189444444444445
74d6791f-340a-40f6-939b-c580cfabc6ff,2025-10-04,18.532777777777778
2db9d5ca-9b33-4544-a461-f46495b6ee2b,2025-10-05,-5.44
7BBECB05-50F4-43D7-8C80-119F3EC69A19,2025-10-06,6.536111111111111
7BBECB05-50F4-43D7-8C80-119F3EC69A19,2025-10-07,5.726111111111111
7a8880a5-945a-44df-95ad-b22420468584,2025-10-03,5.453611111111111
947aa495-ff0a-4fcd-8c7a-9da46f2d7a76,2025-10-06,-6.336944444444445
30786B9B-4F99-4F96-823C-004D10178864,2025-10-05,-6.473333333333334
fb3d621b-ac01-4756-93ca-93d149e995ae,2025-10-01,-11.22638888888889
bcc7eb45-3dfd-46d0-b151-d8b7b167ba75,2025-10-01,0.043333333333333335
d4b43528-2253-41fa-a1f5-bb1efdadb7bb,2025-10-03,11.006388888888889
d32130d6-eb1b-4e04-8d15-97d549c225eb,2025-10-02,4.911388888888889
B93DA0B9-6D2E-4845-A353-F840492D5302,2025-10-03,-1.96
1C0DB2EB-2811-4EEE-AF09-53B6EBADE0A7,2025-10-04,10.675833333333333
4b326444-d4d9-4b0c-a960-dbe34d04bad2,2025-10-05,-3.18
01ee5218-88f6-49ab-82c1-7133fcb0e10e,2025-10-04,4.929722222222222
78642ed3-30f3-4669-97f2-2deb9fb013f2,2025-10-01,4.983333333333333
78642ed3-30f3-4669-97f2-2deb9fb013f2,2025-10-04,3.8419444444444446
78642ed3-30f3-4669-97f2-2deb9fb013f2,2025-10-06,-0.5091666666666667
a9a9f757-8962-45a5-8030-8a9baf974051,2025-10-07,5.765555555555555
e9597f4d-140e-4d36-8786-0df6d9eae387,2025-10-04,1.3652777777777778
4B326444-D4D9-4B0C-A960-DBE34D04BAD2,2025-10-05,6.2619444444444445
19220163-C854-409B-BB81-ECB206FD7080,2025-10-04,0.2577777777777778
a4e11bf1-dfc8-4b23-a4b2-176628ad11c8,2025-10-05,-5.885277777777778
9fe609c5-569a-4f6c-942b-f04166dfcb9d,2025-10-05,-3.7352777777777777
214e7b0a-9d31-414c-b1f1-783a39e01905,2025-10-02,5.025277777777778
2AEE4A1C-4E8C-457D-808E-4373D4D6C88E,2025-10-04,3.7383333333333333
fc6b38d7-b66c-463f-abd2-2d76f2d0c08f,2025-10-02,21.18111111111111
fc6b38d7-b66c-463f-abd2-2d76f2d0c08f,2025-10-04,17.540277777777778
d5806e07-0800-418a-8d40-48dbe61b4e73,2025-10-04,-5.438055555555556
233C819A-8D7A-4CDE-91E5-80731C193CF5,2025-10-06,-1.8127777777777778
5467240e-46c3-49bc-86e1-f6728ab40bf3,2025-10-03,4.471388888888889
d4ea038d-eb3b-4cb9-82ce-b9185eb15d75,2025-10-06,7.963611111111111
a5f268bc-e138-402a-bbdb-39b9218091db,2025-10-02,-6.9622222222222225
a5f268bc-e138-402a-bbdb-39b9218091db,2025-10-05,13.873888888888889
96A0FEFE-D7FC-4565-85A8-BC71ACE86D39,2025-10-02,-11.17388888888889
32d1dcc4-5d27-49cf-854f-6fda59c978b1,2025-10-01,2.0861111111111112
e0151152-3ec7-4ef5-aa53-c0146ddd7d77,2025-10-05,18.038055555555555
e0151152-3ec7-4ef5-aa53-c0146ddd7d77,2025-10-06,19.661666666666665
27838b66-ec1c-45c6-be73-f1ca7702d034,2025-10-01,12.662777777777778
C1256237-1638-41C9-A599-F89F704E7E7C,2025-10-06,4.845
8D1E881B-7103-42FE-A561-D07E8B00DA17,2025-10-06,22.558333333333334
FFD9050B-87AB-4406-98B4-902CFABC30C4,2025-10-04,3.3733333333333335
ee15c161-1f1a-4514-a3de-007f0520ebbc,2025-10-06,16.054166666666667
99DBD565-2786-4A51-878D-A470CDEC7984,2025-10-03,6.173055555555556
99DBD565-2786-4A51-878D-A470CDEC7984,2025-10-05,2.0969444444444445
cb14099d-b92d-477c-8d20-05c03cea4247,2025-10-04,14.110277777777778
6022111a-6264-4f3d-a6b3-7c74cc15dbd3,2025-10-04,2.1286111111111112
ff8140a7-062e-40a8-b024-11f97e6b7c5f,2025-10-01,-4.501388888888889
ED84606E-5A4B-46F9-9B50-2CC6045A8D45,2025-10-05,-5.843055555555556
44f03b41-ba1e-4997-a686-3954f59a045f,2025-10-03,-1.4408333333333334
44f03b41-ba1e-4997-a686-3954f59a045f,2025-10-05,23.30527777777778
77C01D3A-5FA5-4F23-989F-02EC64D69052,2025-10-03,8.384722222222223
ee8bf132-7870-40c1-8fc0-b58f72ecaa1a,2025-10-04,0.01
e41f13b5-e68b-4f45-b784-b15909a56b3f,2025-10-04,-14.895277777777778
a481f16a-7098-40c4-aadb-124beece0d6c,2025-10-01,10.42361111111111
a481f16a-7098-40c4-aadb-124beece0d6c,2025-10-02,14.205555555555556
a481f16a-7098-40c4-aadb-124beece0d6c,2025-10-06,9.96
15342A62-B3FC-4D93-A79A-674C09FC8ACC,2025-10-04,-2.6375
15342A62-B3FC-4D93-A79A-674C09FC8ACC,2025-10-06,20.181944444444444
27838B66-EC1C-45C6-BE73-F1CA7702D034,2025-10-01,12.6675
27838B66-EC1C-45C6-BE73-F1CA7702D034,2025-10-04,-0.5219444444444444
20c2663c-1510-4fd5-b248-9826bd400482,2025-10-01,-0.0016666666666666668
f7e52e25-dc2e-45ad-a377-0ee47cf1302d,2025-10-03,-5.543611111111111
11142ce5-5eaf-4b13-ae27-ff40bdca12b2,2025-10-05,7.254722222222222
114af2ce-f73d-49d7-b804-9869c6b7228d,2025-10-03,2.1655555555555557
7F766A9A-8DAD-4F08-88A5-5714B1DD4AD5,2025-10-04,17.200555555555557
7F766A9A-8DAD-4F08-88A5-5714B1DD4AD5,2025-10-07,8.14638888888889
32D1DCC4-5D27-49CF-854F-6FDA59C978B1,2025-10-01,4.386666666666667
e1f98ba2-f597-4177-9c6c-fda1abad3167,2025-10-03,-4.543888888888889
e1f98ba2-f597-4177-9c6c-fda1abad3167,2025-10-04,23.41611111111111
dea25627-2965-406f-968a-05bed7c2bbed,2025-10-04,2.7555555555555555
2a33a377-13e8-42a0-a49b-cf736916dcb9,2025-10-01,-7.188055555555556
2a33a377-13e8-42a0-a49b-cf736916dcb9,2025-10-02,-8.176666666666666
5ea3c1cb-dfaf-49ca-a6c7-71d3ae2eb1a2,2025-10-04,-0.475
4255efaf-bbf5-4246-a1c0-28727087026c,2025-10-03,-3.2569444444444446
1D6FC327-028D-4780-9E0D-48B249A1B54D,2025-10-04,16.255555555555556
6E9C9BDB-C05E-4B0D-B7FF-796C82C7A913,2025-10-06,0.0913888888888889
4a2f221e-5379-4788-b687-d7b2d5c50776,2025-10-02,-0.66
c244537d-acbf-4178-ac81-2c63412150dc,2025-10-07,-11.62861111111111
3DBBB1D6-44DE-4256-8819-EF10184C42FB,2025-10-03,18.854444444444443
D4EA038D-EB3B-4CB9-82CE-B9185EB15D75,2025-10-06,7.98
05C58C04-55CC-49B3-9886-F8356BCCB043,2025-10-05,-1.5733333333333333
5C35BA62-46A9-4EE9-8E14-1CDE1FEC9DC6,2025-10-01,1.0419444444444443
7fe4cd44-5b56-4826-9278-76b30f239703,2025-10-06,-0.13
611E1ED4-2592-4383-A944-A5E37ABC5CD9,2025-10-05,10.158888888888889
7a454cc1-3e47-48eb-9ce6-d5ba53f62943,2025-10-02,-0.16111111111111112
7a454cc1-3e47-48eb-9ce6-d5ba53f62943,2025-10-05,11.841388888888888
F7872F6A-64F5-44B1-AEF2-8CB309381226,2025-10-01,-11.02
17256793-095f-4426-8c9b-786b56122d67,2025-10-04,16.336388888888887
83112417-8057-4e20-ab1f-bbb7a0a3011e,2025-10-02,19.93138888888889
5bc9027b-5f91-46df-9dc7-a6c89e05c75c,2025-10-03,18.236666666666668
E9FD4C9F-7388-456F-9EC3-D71F04898330,2025-10-03,-4.0905555555555555
7724a8f8-2f67-4d21-afb6-bbd431213f10,2025-10-06,5.1275
8d00c9ba-cb2c-45cd-ab31-f015498f3ddc,2025-10-01,-6.352222222222222
65e608b0-5b22-404d-af86-61484346a5e7,2025-10-03,4.085555555555556
64A3A6FD-5F80-4FE9-9871-8B241674AC34,2025-10-06,-0.1986111111111111
8DEE5E7D-FCDF-4E24-94A0-E99D595F6903,2025-10-01,2.9058333333333333
F45777A1-7479-40F0-A096-FBD0B2CD5935,2025-10-04,12.699722222222222
72bea825-c54e-499f-8474-7f4aa583cb85,2025-10-06,-10.906666666666666
b160c22f-b54b-484f-8dfb-5614c7914b71,2025-10-03,5.9425
ba7336c3-2a0a-4452-93b9-21a6b847492b,2025-10-02,11.652222222222223
513f36a5-8705-4dd9-adf0-cea6a3c5e01d,2025-10-04,-0.08361111111111111
5F68B30C-D190-4A71-A31F-365E646F2BE3,2025-10-01,16.8025
983c59ec-3de4-4076-9a25-c78a9097289a,2025-10-06,-1.3547222222222222
28EFCE5B-92C8-44D9-B59C-CB095EED614E,2025-10-05,-2.5855555555555556
B99661CA-7E20-4A0C-9632-EB2D00A0516D,2025-10-02,14.12
C1DACB51-5817-4FE5-B33C-B6E2AA601963,2025-10-05,-1.3141666666666667
6e9c9bdb-c05e-4b0d-b7ff-796c82c7a913,2025-10-06,0.08777777777777777
0e7ebf43-b4a5-43b2-958d-1d237e9402d1,2025-10-02,-2.5183333333333335
14A79FC7-DFB9-4F1F-A70A-7C6401AC06C9,2025-10-05,1.091388888888889
79746377-B124-49AA-AF0A-CAD8065EEE98,2025-10-05,-1.4966666666666666
cdd26047-e2ba-460d-ab2a-eae773dccb28,2025-10-05,7.2375
79746377-b124-49aa-af0a-cad8065eee98,2025-10-05,-1.495
b5002122-87e7-4914-8585-459bff482b0b,2025-10-01,1.5316666666666667
c85636ab-db42-40b0-af21-a633f2221306,2025-10-03,-3.691666666666667
03764C89-F961-456E-BC1F-247B3BF659EC,2025-10-01,-6.354166666666667
08bc807b-352c-420d-8c60-befc6dbdf6f6,2025-10-03,8.765
8effe310-adbb-4185-ad0a-7cf5d5c21e1a,2025-10-04,6.296111111111111
044f0f73-8e01-4080-8f30-e4697d6ecc7b,2025-10-05,18.55666666666667
4e5a81ef-2136-4d0a-a1c6-72bde81743bd,2025-10-01,11.525277777777777
4e5a81ef-2136-4d0a-a1c6-72bde81743bd,2025-10-04,-7.342222222222222
4e5a81ef-2136-4d0a-a1c6-72bde81743bd,2025-10-07,18.06138888888889
83d46531-27fc-478f-afb6-a98718063209,2025-10-06,18.98611111111111
706d69ba-ddba-47fb-8e1a-b5c67172a333,2025-10-04,6.233611111111111
b10466df-2712-4e6d-a7bc-d5be1f051460,2025-10-03,-0.6308333333333334
5e06b792-60fe-4f47-a8e8-21d0fb92af66,2025-10-07,-9.330833333333333
b41b652a-7701-4a67-8c5b-b9b7695e5600,2025-10-04,10.929722222222223
36620f4b-c143-4526-a526-8964fa57a6d7,2025-10-04,5.7825
3abd2c33-3110-41ba-a747-7124750376e3,2025-10-04,-1.8355555555555556
3abd2c33-3110-41ba-a747-7124750376e3,2025-10-05,-6.520277777777777
83222427-8057-4e20-ab2f-bbb7a0a3012e,2025-10-02,15.659444444444444
a52f11d0-808e-4f14-b2a6-c8e5460f78c5,2025-10-03,-0.4002777777777778
a52f11d0-808e-4f14-b2a6-c8e5460f78c5,2025-10-06,14.454166666666667
07d53b71-b4f4-409b-8310-d80ba3d8e861,2025-10-03,5.344722222222222
10b5a220-2875-4b66-a400-7d81d26027b0,2025-10-02,15.074444444444444
82FC44B3-A01C-4107-B072-E1E1276EBB20,2025-10-06,1.3966666666666667
7DE73F67-4112-48BA-A330-D1B7877DB87A,2025-10-03,14.85
DE8EE4B3-B47C-46BF-81E0-4DAFDB50F0EE,2025-10-05,4.6575
957c7e5e-33d8-455c-a610-0c7dbcb7bc54,2025-10-06,-8.872777777777777
67744d63-f6c0-451a-a755-efbf16ed244c,2025-10-05,14.133888888888889
46ed6000-fe24-4b51-83c8-26f5a54584b6,2025-10-02,6.541388888888889
aefa0ebd-30b1-40c5-ac5f-00d2369e3423,2025-10-07,15.2425
ea7aef2d-faee-493e-ae2c-07ed1b6e1667,2025-10-06,-3.8516666666666666
7fa05fe3-fea3-41ec-a513-df8c4b0e6a10,2025-10-01,9.047222222222222
4bd61d61-6e06-4b13-8088-90fdba459176,2025-10-07,-2.398888888888889
1016eef2-24a0-4818-ac74-ffaf02e1a0ee,2025-10-03,-4.495277777777778
552307cf-26da-44ec-a05f-46ebf9b82af2,2025-10-01,15.283055555555556
552307cf-26da-44ec-a05f-46ebf9b82af2,2025-10-02,3.0705555555555555
6d9a705e-e3a9-4c99-81a4-fe90102dd8a3,2025-10-04,0.16416666666666666
5bd03d1d-02ef-40ba-a8e2-c2a60a6c1cce,2025-10-07,2.7447222222222223
f462ee22-e080-447d-afa5-5ee7ebe080ff,2025-10-02,7.020833333333333
f462ee22-e080-447d-afa5-5ee7ebe080ff,2025-10-04,22.70138888888889
756511f6-0b76-4e81-ab12-ff8b6717108b,2025-10-01,16.96361111111111
6085beac-3ab2-4be3-abaa-6e1a7438eb71,2025-10-05,13.653888888888888
5410252A-7DCF-4822-AF97-BFC85EF76F5D,2025-10-02,-0.4608333333333333
5baa6a15-5a3f-4ec8-8bef-6b2f7a86d883,2025-10-02,12.275833333333333
5baa6a15-5a3f-4ec8-8bef-6b2f7a86d883,2025-10-04,11.09361111111111
5baa6a15-5a3f-4ec8-8bef-6b2f7a86d883,2025-10-05,-4.618611111111111
aeb893e6-2682-4e9f-aae5-9dba99fb4c8b,2025-10-06,-9.5425
37B99D1D-0186-4CEB-BFFE-9E62BD6ACE66,2025-10-03,10.530833333333334
37B99D1D-0186-4CEB-BFFE-9E62BD6ACE66,2025-10-05,13.079444444444444
28F0D303-482D-46DD-A726-DD7DC813EE42,2025-10-06,-0.05611111111111111
6ffda7b4-c1a6-4721-941b-3d379ffd80a7,2025-10-01,-6.743055555555555
6ffda7b4-c1a6-4721-941b-3d379ffd80a7,2025-10-05,14.303611111111111
1d6fc327-028d-4780-9e0d-48b249a1b54d,2025-10-04,15.064166666666667
7766EB73-E774-4D38-ADA0-09362A9AC33F,2025-10-04,-3.3041666666666667
e6c5ae81-14ec-41f2-a46c-bb1d1a1122bc,2025-10-03,-12.812222222222223
cf048017-24d6-43b0-b082-e70dda3505cc,2025-10-05,6.252777777777778
2ddb5b8c-d4d6-4559-b341-02c83364d616,2025-10-03,-13.530555555555555
32edd27d-ed05-4d30-9876-1ef0da4a0059,2025-10-04,-5.218333333333334
E815627C-78C8-40A7-A933-64C9A91490BD,2025-10-01,6.0725
e8527892-fa1f-4e9a-9808-7353ffde4a9f,2025-10-03,6.888055555555556
40F2050D-756B-4082-857A-7E97AA523E53,2025-10-07,-6.411388888888889
8656767e-f13d-45bf-a181-13c5c11c763c,2025-10-03,12.480277777777777
cbe2385b-a779-4083-bf8d-9fc76dcca5a6,2025-10-02,10.749166666666667
cbe2385b-a779-4083-bf8d-9fc76dcca5a6,2025-10-05,1.355
cbe2385b-a779-4083-bf8d-9fc76dcca5a6,2025-10-06,8.317777777777778
54271207-dda3-4666-af26-2322f3b528cb,2025-10-02,-10.7375
79d18f70-5499-4e76-b6c2-f936c38a4958,2025-10-04,11.937222222222223
ca4688b4-1d69-4d0f-b2fd-566e3ec064a5,2025-10-05,13.144722222222223
96b7f652-3a64-4365-9f38-61786c831a6e,2025-10-01,-0.2852777777777778
4f62eb90-06d3-4800-846c-1a2838133730,2025-10-04,15.842777777777778
5D35AB62-46B9-4FF9-8F14-1DCF1EFD9CD6,2025-10-01,4.815555555555555
cd2c286c-1885-4040-b09f-d862df9ea79b,2025-10-05,17.545833333333334
4a8c905e-35e8-4016-b248-2a5264fe31a5,2025-10-02,10.057777777777778
6ab034dd-a00d-4b52-a38d-a6485609d755,2025-10-06,3.024722222222222
adff28c4-f3d0-4487-a291-323b4a30c328,2025-10-04,-3.6502777777777777
039eceaa-dde2-423b-a48f-0d8eb3ef461a,2025-10-05,1.5763888888888888
14049F56-683D-4DDB-9EC4-F36FA88C36DD,2025-10-04,0.7161111111111111
fdcd84ed-6e27-4fc3-8e3f-5ef15484e4d7,2025-10-03,-3.9725
4ab52f1a-7a8c-42c9-95fd-822f7c075ee5,2025-10-04,-11.493611111111111
ea5e1d2d-dca1-4a05-adf0-fd2841ee715d,2025-10-05,20.634722222222223
ea5e1d2d-dca1-4a05-adf0-fd2841ee715d,2025-10-06,23.858333333333334
cdd16047-e1ba-460d-ab2a-eae773dccb28,2025-10-05,7.264444444444444
cdd16047-e1ba-460d-ab2a-eae773dccb28,2025-10-06,10.249166666666667
A97EFA66-8724-47A7-B689-2BFCF16C59CC,2025-10-06,-11.321666666666667
0212a538-d55f-4256-a1c7-f10f117bdcbd,2025-10-02,23.760277777777777
0212a538-d55f-4256-a1c7-f10f117bdcbd,2025-10-03,21.20888888888889
0212a538-d55f-4256-a1c7-f10f117bdcbd,2025-10-04,-8.115
0212a538-d55f-4256-a1c7-f10f117bdcbd,2025-10-05,2.6141666666666667
65cf10c0-d0c4-4811-aaef-52c85366f74e,2025-10-06,8.483888888888888
0027CED0-A447-454D-829D-3398595518E4,2025-10-05,6.148611111111111
37B315E4-5DA7-4C21-9CB3-1D0069989E2E,2025-10-03,9.546111111111111
86a07d5a-f19c-4f2c-a2cd-b5e6a3c51f1b,2025-10-01,-6.199722222222222
86a07d5a-f19c-4f2c-a2cd-b5e6a3c51f1b,2025-10-03,6.804722222222222
b93da0b9-6d2e-4845-a353-f840492d5302,2025-10-03,-1.9402777777777778
cd62761e-981e-4f82-88b1-ae21186e2b01,2025-10-06,16.34722222222222
FEB8C629-8939-4089-A7AB-640D92844CB4,2025-10-05,-1.2133333333333334
78642ED3-30F3-4669-97F2-2DEB9FB013F2,2025-10-02,5.5808333333333335
78642ED3-30F3-4669-97F2-2DEB9FB013F2,2025-10-04,-13.706666666666667
074a4da3-7851-4625-84d4-0dddb9d779cc,2025-10-01,19.099166666666665
3dbbb1d6-44de-4256-8819-ef10184c42fb,2025-10-03,19.051944444444445
A53D58F1-DDAC-40DB-A5E1-2277D432A11D,2025-10-04,11.139444444444445
A53D58F1-DDAC-40DB-A5E1-2277D432A11D,2025-10-05,19.56361111111111
A53D58F1-DDAC-40DB-A5E1-2277D432A11D,2025-10-06,2.8716666666666666
A53D58F1-DDAC-40DB-A5E1-2277D432A11D,2025-10-07,-11.36111111111111
CE2F869E-C608-4FD7-93B4-9650F79E714A,2025-10-05,-11.150833333333333
dd3b7dc2-cd1c-4a30-9290-5da3c322d8c6,2025-10-02,-0.4280555555555556
e017ca14-f069-4f34-ab9e-12879f927eac,2025-10-07,-2.825277777777778
8ae1d150-8a73-4637-810e-c7d38e0d2c0c,2025-10-04,-2.8094444444444444
42E1BD4E-F164-44B7-907B-BC55131070BE,2025-10-04,-0.001388888888888889
d1c1710b-682d-4226-acb3-7aa3f557cdc3,2025-10-01,9.789444444444445
d1c1710b-682d-4226-acb3-7aa3f557cdc3,2025-10-03,-10.754444444444445
D1FA89EB-3F81-4709-AE21-9E4F4041477B,2025-10-05,-9.590277777777779
bd678c72-cf0c-471a-a8b8-55af721b6eb7,2025-10-06,-8.209444444444445
EE8BF132-7870-40C1-8FC0-B58F72ECAA1A,2025-10-04,0.02638888888888889
f1ed0e5e-80de-4a20-87a6-8bab9e4c3703,2025-10-06,-6.37
089D1714-6CDD-40FD-9F53-5B1ECE87AE7D,2025-10-01,-7.125
6E4AB52B-1283-4B34-A93F-9188A53EA483,2025-10-01,10.664444444444445
128F5E19-6F38-44B3-A713-7BF74759BFAE,2025-10-05,-11.636388888888888
A53D58F2-DDAC-40DB-A5E2-2277D432A11D,2025-10-07,-11.345277777777778
51614db9-0247-4937-836d-2a44b996ea08,2025-10-02,-9.305555555555555
B0A8BA32-E7AE-421A-994C-18DDA79CABD1,2025-10-01,9.74638888888889
B0A8BA32-E7AE-421A-994C-18DDA79CABD1,2025-10-05,8.814444444444444
918082CC-5C4A-4655-882E-8FD8C33F0A7D,2025-10-06,3.4775
089d1714-6cdd-40fd-9f53-5b1ece87ae7d,2025-10-01,-7.1338888888888885
d1fa89eb-3f81-4709-ae21-9e4f4041477b,2025-10-05,-9.585555555555555
8f08bf02-30b8-48ac-a45e-ff21a14adc11,2025-10-01,13.269444444444444
87CF87EA-F055-41CF-B8DE-AFF38C79168B,2025-10-06,11.903888888888888
b23de25d-74da-44d2-acb2-2711efe3c3df,2025-10-07,12.784166666666666
25db2771-39f3-4fcb-9064-4d16eafe3010,2025-10-06,9.106111111111112
CB14099D-B92D-477C-8D20-05C03CEA4247,2025-10-04,14.093333333333334
d1c1710b-681d-4126-acb3-7aa3f557cdc3,2025-10-01,15.286944444444444
d1c1710b-681d-4126-acb3-7aa3f557cdc3,2025-10-03,-10.936111111111112
9961df2b-535f-4abe-a91b-79fd9d26c430,2025-10-02,14.757777777777777
9961df2b-535f-4abe-a91b-79fd9d26c430,2025-10-03,-13.93361111111111
9961df2b-535f-4abe-a91b-79fd9d26c430,2025-10-06,13.810833333333333
9961df2b-535f-4abe-a91b-79fd9d26c430,2025-10-07,14.7475
0e4923a0-4ac8-48da-9da5-4cb04d37c3ec,2025-10-03,6.607777777777778
61cb1b8c-7ac2-481b-85da-f53caeaf696a,2025-10-02,20.590833333333332
61cb1b8c-7ac2-481b-85da-f53caeaf696a,2025-10-06,-14.088888888888889
8656767e-f13d-45bf-a282-13c5c21c763c,2025-10-03,12.486666666666666
ed317a92-06b2-4dc0-8fa5-884f082bdac0,2025-10-05,-3.886388888888889
be0e364e-7240-4b99-b01e-d6fba4d0c2f9,2025-10-01,5.239722222222222
5C30410F-337D-48AB-AED1-125F16536EDC,2025-10-01,13.65638888888889
ecb3ea65-51e9-49d1-8e31-20a88c482e93,2025-10-01,-11.065833333333334
daea17fe-7e17-47fe-80c3-2bad3b9a564b,2025-10-01,18.699166666666667
c3b3343f-873c-483b-a106-63c846ea92f7,2025-10-04,11.977222222222222
c3b3343f-873c-483b-a106-63c846ea92f7,2025-10-06,13.089722222222223
c85636ab-db42-40b0-af21-a633f2111306,2025-10-03,-3.676111111111111
37b315e4-5da7-4c21-9cb3-1d0069989e2e,2025-10-03,9.499722222222223
c4e768f2-14f5-4102-b7da-3e0fc32bde76,2025-10-01,13.928333333333333
d4b43518-2253-41fa-a1f5-bb1efdadb7bb,2025-10-03,10.868333333333334
16dbcfdd-632c-4064-a271-0e63e63b430a,2025-10-02,18.17
00A49973-4C86-4CFE-AB7D-71BF7D7C610D,2025-10-05,-4.682222222222222
388b9e39-96f0-4e55-ade2-2b95a7742cd0,2025-10-02,-0.05388888888888889
cb30b586-d233-4358-8cf4-0e8bdd80cd41,2025-10-05,8.3075
0624587e-056e-4bc7-ae80-f18f9d3039b6,2025-10-06,7.600555555555555
16dbcfdd-632c-4064-a171-0e63e63b430a,2025-10-01,18.95388888888889
16dbcfdd-632c-4064-a171-0e63e63b430a,2025-10-02,23.68638888888889
281d5803-41e1-41b3-a522-781fd8fd65d3,2025-10-06,23.85527777777778
85df97b1-586a-4bd1-a2c6-f34835bcd995,2025-10-01,10.668055555555556
85df97b1-586a-4bd1-a2c6-f34835bcd995,2025-10-02,1.8491666666666666
A8431E22-DB93-4991-BAE9-947E33373253,2025-10-07,23.351944444444445
c2ecc11d-4c23-44aa-aa12-1835cf511a42,2025-10-02,0.8163888888888889
7DE73F67-4222-48BA-A330-D2B7877DB87A,2025-10-03,12.533888888888889
14d73cb5-212d-4446-a221-481c11de540a,2025-10-06,10.825
79a3ca56-d1d0-4a8b-a671-dc38ca6778cc,2025-10-01,-4.338333333333333
2e239cfe-4ce6-4cc0-ba5c-f035378aa9e9,2025-10-01,3.1530555555555555
c144537d-acbf-4178-ac81-1c63412150dc,2025-10-03,3.136111111111111
192321F8-3401-4DEE-ACBC-62109B5F6FF5,2025-10-01,15.042222222222222
06bb89ac-e457-45b7-ac1e-6fa90c3a2881,2025-10-01,-14.68
96a0fefe-d7fc-4565-85a8-bc71ace86d39,2025-10-02,-11.169444444444444
5318da08-993d-46ed-b147-d5469c3f06c1,2025-10-01,4.588333333333333
1C148CCB-65D1-4E4A-9441-4304AF1E33EA,2025-10-02,-1.0461111111111112
54c7b92e-fcbc-4a78-afbd-94790330a109,2025-10-01,7.355
c1a5198b-83af-4aa9-8dbf-66822dd3ea13,2025-10-05,-0.16527777777777777
7a4edc9d-0afc-4f81-a1a6-074151d00a0b,2025-10-03,6.1402777777777775
57ffb277-d701-42df-9ed0-c172ee07b930,2025-10-01,-0.26222222222222225
259dc513-99a9-48a3-b646-16184687030f,2025-10-03,-4.966666666666667
fb0a27c4-eddf-4422-b59b-f931c3bb8944,2025-10-06,8.233055555555556
55BD2DBE-47B3-4922-A230-607D93C20D6F,2025-10-06,1.216388888888889
0692b258-a9c4-4ff1-abc0-c6ec771ffd7d,2025-10-01,-12.335555555555555
ea5e2d2d-dca1-4a05-adf0-fd2841ee715d,2025-10-06,23.835277777777776
7AC6135A-50D7-4E9A-BBEA-06F3FDB13AEE,2025-10-01,1.5905555555555555
ce783a22-4fe7-44b0-abcb-66bf25452ff3,2025-10-04,-5.551111111111111
ce783a22-4fe7-44b0-abcb-66bf25452ff3,2025-10-05,9.656944444444445
382dc030-d85a-4c9a-8d95-840317e35148,2025-10-06,-0.8633333333333333
8dee5e7d-fcdf-4e24-94a0-e99d595f6903,2025-10-01,2.8847222222222224
7050e8ee-3a7f-4203-9190-ce05068c7593,2025-10-05,-4.893888888888889
a97efa66-8724-47a7-b689-2bfcf16c59cc,2025-10-04,17.276666666666667
a97efa66-8724-47a7-b689-2bfcf16c59cc,2025-10-06,-1.7519444444444445
fe49ab69-e0e6-4fb9-b8ed-b37dd6b640c8,2025-10-01,-0.5569444444444445
fe49ab69-e0e6-4fb9-b8ed-b37dd6b640c8,2025-10-02,-16.51
926875EF-B33B-4768-A0F2-009BCE41B538,2025-10-06,4.280833333333334
FE49AB69-E0E6-4FB9-B8ED-B37DD6B640C8,2025-10-02,4.351666666666667
24cf3831-1b10-4a9d-8871-86dba53d8dee,2025-10-04,-10.168611111111112
22220A31-13E5-4C4F-AF3F-2737DDAA5D31,2025-10-07,16.40111111111111
d21fb3af-ee6a-49b6-a0ed-43c774c1dc71,2025-10-01,-0.11055555555555556
830ae01e-c3b3-4603-9b96-5c0dc434918b,2025-10-06,-4.115277777777778
d78d3450-7025-443c-bd94-c13f4d32d4f0,2025-10-06,-5.010833333333333
0027ced0-a447-454d-829d-3398595518e4,2025-10-05,6.151388888888889
BFD21E6A-1F14-424D-86BB-ACE64A7C7DD3,2025-10-07,13.393611111111111
7724a8f8-2f67-4d21-afb6-bbd431223f10,2025-10-06,6.228055555555556
b2460216-82bd-4d32-89cb-bb0e96281455,2025-10-07,16.136388888888888
bddd6f78-63c7-4e9c-b1c0-5227f85e2191,2025-10-02,16.296944444444446
65f34001-62dd-43d5-88f0-e8d0e4ce2fb5,2025-10-05,-4.6225
cadba06a-082f-4487-8c53-0d0f80d9d486,2025-10-01,-6.290277777777778
e75048a7-bd0d-4bb2-95dc-737b609009d1,2025-10-06,2.871111111111111
0624587E-056E-4BC7-AE80-F18F9D3039B6,2025-10-06,7.862222222222222
e20cd3f4-8b2d-4eed-b739-d60651181f9b,2025-10-04,5.607777777777778
00a49973-4c86-4cfe-ab7d-71bf7d7c610d,2025-10-05,-4.732222222222222
5C30410F-337D-48AB-AED1-225F16536EDC,2025-10-01,13.673333333333334
102FD0F0-65EB-4229-8C45-45234343AF2D,2025-10-02,-0.2936111111111111
FB3D621B-AC01-4756-93CA-93D149E995AE,2025-10-01,-11.2375
8b5a2f15-418e-41b4-ad47-b2c7e18c5525,2025-10-07,-1.7580555555555555
5BAA6A15-5A3F-4EC8-8BEF-6B2F7A86D883,2025-10-02,12.271666666666667
5BAA6A15-5A3F-4EC8-8BEF-6B2F7A86D883,2025-10-05,-4.831388888888889
01c0b2a6-9db6-420a-90bd-1eefc709c720,2025-10-05,11.061666666666667
700858a6-363b-4e0d-a94c-8510fd4b4a15,2025-10-06,2.93
d8cf6c30-bf71-4329-942a-288c5acb735f,2025-10-04,16.079444444444444
d8a80648-644c-4d6d-a88f-16873aaaa462,2025-10-06,5.758055555555556
d8a80648-644c-4d6d-a88f-16873aaaa462,2025-10-07,2.0005555555555556
85A32593-1806-42A8-8406-423438542BF3,2025-10-02,-4.599722222222222
0AE1FA83-4C28-4C7C-ACE2-2C010066E6F7,2025-10-06,9.398888888888889
298c65d7-2e2a-415c-b1bb-a68bc6b9092f,2025-10-02,-0.04555555555555556
9e27e57a-9f4f-495a-8530-572100f3010c,2025-10-05,-0.6952777777777778
A481F16A-7098-40C4-AADB-124BEECE0D6C,2025-10-01,10.411111111111111
A481F16A-7098-40C4-AADB-124BEECE0D6C,2025-10-02,-7.884166666666666
A481F16A-7098-40C4-AADB-124BEECE0D6C,2025-10-06,9.773333333333333
c76df4c9-0cd8-4c24-8776-09f530d34ac8,2025-10-01,-1.2391666666666667
8468eb9a-855f-4ad0-9de7-67ed8670de6c,2025-10-01,6.415277777777778
aad9e5f4-ae8c-44e8-b7c1-78ebfd7c46ac,2025-10-04,3.156111111111111
18feaa5a-2597-437f-af21-bd065ae4d81f,2025-10-06,-19.73
DD3B7DC2-CD1C-4A30-9290-5DA3C322D8C6,2025-10-05,16.371111111111112
ed5f34c8-dd4e-461f-a41c-cd030a07ff72,2025-10-04,23.83861111111111
ed5f34c8-dd4e-461f-a41c-cd030a07ff72,2025-10-05,21.426944444444445
77b7edcb-e99a-4fd4-81b8-3fca234ec1d3,2025-10-04,-3.088611111111111
10c85f27-8d2a-4f76-a78e-0db0efbe28c6,2025-10-03,-8.43
FA2B5E42-3FBD-47E9-BA02-134AA8E1E868,2025-10-07,8.286111111111111
7bbecb05-50f4-43d7-8c80-119f3ec69a19,2025-10-05,9.785833333333333
20d2663d-1510-4ec5-a248-9826ac400482,2025-10-01,0.01361111111111111
86A07D5A-F19C-4F2C-A2CD-B5E6A3C51F1B,2025-10-06,5.916666666666667
8d5b6dba-9e71-465b-8f95-8118bc790a40,2025-10-03,-3.0975
0b11c3cd-aa21-4748-a0ae-3e08f31ead8a,2025-10-04,14.447222222222223
1c0db2eb-2811-4eee-af09-53b6ebade0a7,2025-10-04,10.663611111111111
ed84606e-5a4b-46f9-9b50-2cc6045a8d45,2025-10-05,-5.836111111111111
65e608b0-5b21-404d-af86-61484346a5e7,2025-10-03,4.081388888888889
87DE87FB-E055-41DE-A8CF-BEE38D79168A,2025-10-06,11.860833333333334
1fbcb104-beca-4260-acc8-c886572ffc2f,2025-10-02,-0.2011111111111111
3ae4184f-b1d6-493d-b8a2-9cc21f36c606,2025-10-06,4.805555555555555
b23de25d-74da-44d1-acb2-2711efe3c3df,2025-10-07,12.555833333333334
A9A9F757-8962-45A5-8030-8A9BAF974051,2025-10-07,5.735833333333333
99bf1c49-f65e-4419-b357-3bf8222f0c20,2025-10-07,5.136666666666667
BB161972-68B5-4FA6-9C33-23A7A1108EF0,2025-10-06,-16.177777777777777
C76DF4C9-0CD8-4C24-8776-09F530D34AC8,2025-10-01,-1.228611111111111
DC1EB427-5C4F-4B67-B3AA-A63FFA40AE9A,2025-10-04,2.4930555555555554
81E1FB0C-0E1A-41B8-A2D8-5545FC310A35,2025-10-02,13.675555555555556
89004a52-a3bb-4245-9294-79e56fe3ca2b,2025-10-06,8.91611111111111
08c6b110-df87-453d-a7c5-f203c4d0bbc2,2025-10-04,-2.125277777777778
26a38153-8d0d-48db-974b-5fba029ad735,2025-10-06,-6.748333333333333
af1f811c-50fc-4751-ad83-8c31683c2d7d,2025-10-04,22.45388888888889
6b2ab535-d79d-4b2f-8b34-3977bfba63b3,2025-10-07,3.4675
F6FE0ADD-7C56-4192-83AF-1203431A17CF,2025-10-04,6.211666666666667
9e99965e-6ed1-4b75-bfed-abc0c35c258c,2025-10-01,0.6255555555555555
23626930-ba9b-47ce-a0bd-82d69525a8ba,2025-10-01,-7.695
02273095-3aea-4d66-bc31-c9565aaa61c7,2025-10-06,16.20777777777778
02273095-3aea-4d66-bc31-c9565aaa61c7,2025-10-07,-3.6458333333333335
1fbcb104-beca-4160-acc8-c886572ffc1f,2025-10-01,-15.244444444444444
1fbcb104-beca-4160-acc8-c886572ffc1f,2025-10-02,2.7816666666666667
bcf78a39-272e-41d1-913d-3ee8af28a81b,2025-10-01,-0.7091666666666666
bcf78a39-272e-41d1-913d-3ee8af28a81b,2025-10-02,9.418333333333333
3bf3a687-64bf-42f0-8495-d0295111ca28,2025-10-04,-11.524722222222222
07703801-381b-4574-ab8d-5a50cc31b8f0,2025-10-02,2.8519444444444444
4cd48697-8303-4028-8265-3ab2ab337624,2025-10-01,0.9152777777777777
f073e3ae-b981-4ace-9ada-60add487ccd3,2025-10-04,0.05444444444444444
4964502e-3579-43f7-9592-20d6dce49301,2025-10-05,23.593611111111112
11142ce5-5eaf-4b23-ae27-ff40bdca12b2,2025-10-05,3.1977777777777776
